title;first_name;middle_name;last_name;mobile_phone;email;bday;instagram;address;favorite;notes;;
Mr;Raffaele;Alessandro;Fruncillo;0000000000;raffaelea@studente.com;21/07/00;user;Via Milano 1;0;Studente di medicina;;
Mr;Andrea;;Scudo;1111111111;andreas@studente.com;01/01/99;andreas;Via Novara 1;1;Studente di meccanica;;
Mrs;Chiara;;Caruso;2222222222;chiarac@studente.com;05/05/85;chiarac;Via Bologna 1;1;Studentessa di biologia;;
Mr ;Andrea;;Selis;;andreasl@studente.com;04/09/98;andrease;Via Padova 1;1;Studente di ing. informatica;;
Mr;Massimo;Thomas;Gaydou;3333333331;massimo@studente.com;28/02/99;thomasg;Via Vercelli 1;0;Vicino di casa;;
Mrs;Sara;;Zucchi;9999999999;saraz@hr.com;01/12/95;saraz;Via Catania 1;1;Hr manager;;
